tag,count,total,ratio
gender,6101,8484,0.7191183404054691
bearing,814,8484,0.09594530881659595
molka,447,8484,0.05268741159830269
profession,443,8484,0.05221593587930222
metoo,285,8484,0.033592644978783594
abuse,168,8484,0.019801980198019802
demonize,166,8484,0.019566242338519568
trivialize,49,8484,0.005775577557755775
porn,11,8484,0.0012965582272512965
