tag,count,total,ratio
gender,6103,8487,0.7190997996936491
bearing,814,8487,0.09591139389654767
molka,447,8487,0.05266878755744079
profession,443,8487,0.0521974784965241
metoo,285,8487,0.0335807705903146
abuse,169,8487,0.01991280782373041
demonize,166,8487,0.01955932602804289
trivialize,49,8487,0.0057735359962295275
porn,11,8487,0.0012960999175209143
