tag,count,total,ratio
gender,6338,8753,0.7240945961384668
bearing,820,8753,0.09368216611447504
profession,459,8753,0.05243916371529761
molka,451,8753,0.05152519136296127
metoo,286,8753,0.03267451159602422
abuse,175,8753,0.01999314520735748
demonize,166,8753,0.018964926310979093
trivialize,47,8753,0.0053695875699760085
porn,11,8753,0.00125671198446247
