tag,count,total,ratio
gender,6331,8747,0.7237910140619641
bearing,818,8747,0.09351777752372242
profession,463,8747,0.05293243397736367
molka,451,8747,0.051560535040585345
metoo,286,8747,0.032696924659883386
abuse,174,8747,0.019892534583285697
demonize,166,8747,0.018977935292100147
trivialize,47,8747,0.0053732708357151025
porn,11,8747,0.0012575740253801303
