tag,count,total,ratio
gender,6139,8554,0.7176759410801964
bearing,819,8554,0.09574468085106383
profession,457,8554,0.05342529810614917
molka,454,8554,0.053074584989478604
metoo,286,8554,0.03343465045592705
abuse,175,8554,0.020458265139116204
demonize,166,8554,0.019406125789104514
trivialize,47,8554,0.005494505494505495
porn,11,8554,0.0012859480944587328
