tag,count,total,ratio
gender,6076,8449,0.7191383595691798
bearing,813,8449,0.09622440525505976
molka,446,8449,0.05278731210794177
profession,442,8449,0.052313883299798795
metoo,285,8449,0.03373180258018701
demonize,166,8449,0.019647295537933485
abuse,162,8449,0.019173866729790507
trivialize,48,8449,0.005681145697715706
porn,11,8449,0.0013019292223931827
