tag,count,total,ratio
gender,6156,8510,0.7233842538190365
bearing,818,8510,0.09612220916568742
molka,446,8510,0.052408930669800236
profession,430,8510,0.05052878965922444
metoo,284,8510,0.03337250293772033
demonize,167,8510,0.019623971797884842
abuse,150,8510,0.01762632197414806
trivialize,48,8510,0.00564042303172738
porn,11,8510,0.0012925969447708577
