tag,count,total,ratio
gender,6323,8739,0.7235381622611283
bearing,818,8739,0.09360338711523057
profession,463,8739,0.05298089026204371
molka,451,8739,0.0516077354388374
metoo,286,8739,0.03272685661975054
abuse,174,8739,0.01991074493649159
demonize,166,8739,0.018995308387687378
trivialize,47,8739,0.0053781897242247394
porn,11,8739,0.00125872525460579
