tag,count,total,ratio
gender,6308,8735,0.7221522610188895
bearing,816,8735,0.09341728677733258
profession,472,8735,0.05403548941041786
molka,454,8735,0.05197481396680023
metoo,285,8735,0.03262736119061248
abuse,176,8735,0.02014882655981683
demonize,166,8735,0.019004006868918146
trivialize,47,8735,0.005380652547223812
porn,11,8735,0.0012593016599885519
