tag,count,total,ratio
gender,6173,8528,0.7238508442776735
bearing,818,8528,0.09591932457786116
molka,446,8528,0.052298311444652905
profession,430,8528,0.05042213883677298
metoo,284,8528,0.03330206378986867
demonize,168,8528,0.019699812382739212
abuse,150,8528,0.017589118198874296
trivialize,48,8528,0.005628517823639775
porn,11,8528,0.0012898686679174483
