tag,count,total,ratio
gender,6311,8740,0.7220823798627002
bearing,817,8740,0.09347826086956522
profession,472,8740,0.0540045766590389
molka,454,8740,0.05194508009153318
metoo,286,8740,0.03272311212814645
abuse,176,8740,0.020137299771167048
demonize,166,8740,0.018993135011441648
trivialize,47,8740,0.005377574370709382
porn,11,8740,0.0012585812356979405
