tag,count,total,ratio
gender,6181,8539,0.7238552523714721
bearing,819,8539,0.09591287035952688
molka,447,8539,0.05234805012296522
profession,430,8539,0.05035718468204708
metoo,284,8539,0.03325916383651482
demonize,169,8539,0.019791544677362688
abuse,150,8539,0.01756645977280712
trivialize,48,8539,0.005621267127298279
porn,11,8539,0.0012882070500058556
