tag,count,total,ratio
gender,6145,8563,0.7176223286231461
bearing,820,8563,0.09576083148429289
profession,459,8563,0.053602709330842
molka,454,8563,0.05301880182179143
metoo,286,8563,0.0333995095176924
abuse,175,8563,0.020436762816769823
demonize,166,8563,0.019385729300478806
trivialize,47,8563,0.005488730585075324
porn,11,8563,0.001284596519911246
