tag,count,total,ratio
gender,6129,8509,0.7202961570102244
bearing,819,8509,0.09625102832295217
molka,445,8509,0.05229756728170173
profession,438,8509,0.051474908919967095
metoo,285,8509,0.033493947584910096
demonize,167,8509,0.019626278058526268
abuse,166,8509,0.01950875543542132
trivialize,49,8509,0.005758608532142437
porn,11,8509,0.0012927488541544247
