tag,count,total,ratio
gender,6115,8467,0.7222156608007558
bearing,812,8467,0.09590173615212
molka,446,8467,0.052675091531829456
profession,432,8467,0.051021613322310144
metoo,284,8467,0.03354198653596315
demonize,167,8467,0.019723632927837485
abuse,152,8467,0.01795204913192394
trivialize,48,8467,0.0056690681469233496
porn,11,8467,0.001299161450336601
