tag,count,total,ratio
gender,6163,8587,0.7177128217072318
bearing,825,8587,0.09607546290904856
profession,457,8587,0.053219983696285084
molka,455,8587,0.052987073483172234
metoo,286,8587,0.033306160475136834
abuse,175,8587,0.02037964364737394
demonize,168,8587,0.01956445790147898
trivialize,47,8587,0.0054733900081518575
porn,11,8587,0.0012810061721206475
