tag,count,total,ratio
gender,6100,8510,0.7168037602820212
bearing,816,8510,0.09588719153936545
molka,454,8510,0.05334900117508813
profession,454,8510,0.05334900117508813
metoo,286,8510,0.0336075205640423
abuse,173,8510,0.020329024676850764
demonize,168,8510,0.019741480611045827
trivialize,48,8510,0.00564042303172738
porn,11,8510,0.0012925969447708577
