tag,count,total,ratio
gender,6349,8767,0.7241929964640128
bearing,820,8767,0.09353256530169955
profession,459,8767,0.05235542374814646
molka,454,8767,0.05178510322801414
metoo,286,8767,0.03262233375156838
abuse,175,8767,0.019961218204631002
demonize,166,8767,0.018934641268392838
trivialize,47,8767,0.005361012889243755
porn,11,8767,0.0012547051442910915
