tag,count,total,ratio
gender,6336,8754,0.7237834132967786
bearing,819,8754,0.09355723098012338
profession,463,8754,0.052890107379483665
molka,451,8754,0.05151930546036098
metoo,286,8754,0.032670779072424036
abuse,175,8754,0.01999086132053918
demonize,166,8754,0.018962759881197166
trivialize,47,8754,0.005368974183230523
porn,11,8754,0.001256568425862463
