tag,count,total,ratio
gender,6337,8752,0.7240630712979891
bearing,820,8752,0.09369287020109689
profession,459,8752,0.052445155393053014
molka,451,8752,0.05153107861060329
metoo,286,8752,0.032678244972577694
abuse,175,8752,0.019995429616087752
demonize,166,8752,0.01896709323583181
trivialize,47,8752,0.005370201096892139
porn,11,8752,0.001256855575868373
