tag,count,total,ratio
gender,6071,8439,0.7193980329422918
bearing,813,8439,0.09633842872378244
molka,446,8439,0.05284986372792985
profession,441,8439,0.05225737646640597
metoo,285,8439,0.033771773906861
demonize,166,8439,0.019670577082592726
abuse,158,8439,0.01872259746415452
trivialize,48,8439,0.005687877710629221
porn,11,8439,0.00130347197535253
