tag,count,total,ratio
gender,6138,8553,0.7176429323044545
bearing,819,8553,0.09575587513153279
profession,457,8553,0.053431544487314395
molka,454,8553,0.053080790365953465
metoo,286,8553,0.03343855956974161
abuse,175,8553,0.02046065707938735
demonize,166,8553,0.01940839471530457
trivialize,47,8553,0.005495147901321174
porn,11,8553,0.001286098444990062
