tag,count,total,ratio
gender,6115,8526,0.7172179216514192
bearing,816,8526,0.09570724841660802
molka,455,8526,0.053366174055829226
profession,454,8526,0.053248885761201036
metoo,286,8526,0.033544452263664086
abuse,173,8526,0.020290874970677927
demonize,168,8526,0.019704433497536946
trivialize,48,8526,0.005629838142153413
porn,11,8526,0.0012901712409101572
