tag,count,total,ratio
gender,6083,8460,0.7190307328605201
bearing,814,8460,0.09621749408983452
molka,447,8460,0.05283687943262411
profession,442,8460,0.052245862884160756
metoo,285,8460,0.03368794326241135
demonize,166,8460,0.019621749408983452
abuse,163,8460,0.019267139479905437
trivialize,49,8460,0.005791962174940898
porn,11,8460,0.0013002364066193853
