tag,count,total,ratio
gender,6160,8515,0.723429242513212
bearing,818,8515,0.09606576629477392
molka,446,8515,0.052378156194950086
profession,430,8515,0.05049911920140928
metoo,284,8515,0.033352906635349386
demonize,168,8515,0.01972988843217851
abuse,150,8515,0.017615971814445096
trivialize,48,8515,0.005637110980622431
porn,11,8515,0.001291837933059307
