tag,count,total,ratio
gender,6105,8515,0.7169700528479155
bearing,816,8515,0.09583088667058133
molka,454,8515,0.053317674691720496
profession,454,8515,0.053317674691720496
metoo,286,8515,0.03358778625954199
abuse,173,8515,0.02031708749266001
demonize,168,8515,0.01972988843217851
trivialize,48,8515,0.005637110980622431
porn,11,8515,0.001291837933059307
