tag,count,total,ratio
gender,6131,8514,0.7201080573173596
bearing,819,8514,0.09619450317124736
molka,448,8514,0.05261921540991309
profession,438,8514,0.05144467935165609
metoo,285,8514,0.033474277660324174
demonize,167,8514,0.019614752172891707
abuse,166,8514,0.01949729856706601
trivialize,49,8514,0.005755226685459244
porn,11,8514,0.0012919896640826874
