tag,count,total,ratio
gender,6332,8748,0.7238225880201189
bearing,818,8748,0.09350708733424783
profession,463,8748,0.05292638317329675
molka,451,8748,0.0515546410608139
metoo,286,8748,0.03269318701417467
abuse,174,8748,0.019890260631001373
demonize,166,8748,0.018975765889346137
trivialize,47,8748,0.0053726566072245085
porn,11,8748,0.001257430269775949
