tag,count,total,ratio
gender,6165,8520,0.7235915492957746
bearing,818,8520,0.09600938967136151
molka,446,8520,0.05234741784037559
profession,430,8520,0.05046948356807512
metoo,284,8520,0.03333333333333333
demonize,168,8520,0.01971830985915493
abuse,150,8520,0.017605633802816902
trivialize,48,8520,0.005633802816901409
porn,11,8520,0.0012910798122065727
