tag,count,total,ratio
gender,6317,8732,0.7234310581768209
bearing,817,8732,0.09356390288593679
profession,463,8732,0.053023362345396244
molka,451,8732,0.0516491067338525
metoo,286,8732,0.03275309207512597
abuse,174,8732,0.019926706367384334
demonize,166,8732,0.0190105359596885
trivialize,47,8732,0.00538250114521301
porn,11,8732,0.0012597343105817682
