tag,count,total,ratio
gender,6140,8555,0.7177089421391
bearing,819,8555,0.09573348918760959
profession,457,8555,0.05341905318527177
molka,454,8555,0.053068381063705435
metoo,286,8555,0.03343074225599065
abuse,175,8555,0.020455873758036237
demonize,166,8555,0.01940385739333723
trivialize,47,8555,0.0054938632378725896
porn,11,8555,0.0012857977790765634
