tag,count,total,ratio
gender,6097,8463,0.7204301075268817
bearing,810,8463,0.0957107408720312
molka,442,8463,0.05222734254992319
profession,438,8463,0.05175469691598724
metoo,285,8463,0.033676001417936904
demonize,167,8463,0.019732955216826185
abuse,164,8463,0.019378470991374217
trivialize,49,8463,0.005789909015715467
porn,11,8463,0.0012997754933238804
