tag,count,total,ratio
gender,6087,8451,0.7202697905573305
bearing,809,8451,0.09572831617560051
molka,442,8451,0.05230150278073601
profession,437,8451,0.051709856821677905
metoo,285,8451,0.03372381966631168
demonize,167,8451,0.01976097503254053
abuse,164,8451,0.01940598745710567
trivialize,49,8451,0.005798130398769376
porn,11,8451,0.0013016211099278192
