tag,count,total,ratio
gender,6078,8466,0.7179305457122608
bearing,813,8466,0.09603118355776046
molka,451,8466,0.0532719111741082
profession,448,8466,0.05291755256319395
metoo,286,8466,0.03378218757382471
demonize,168,8466,0.019844082211197732
abuse,163,8466,0.019253484526340656
trivialize,48,8466,0.005669737774627924
porn,11,8466,0.0012993149066855658
