tag,count,total,ratio
gender,6319,8750,0.7221714285714286
bearing,818,8750,0.09348571428571428
profession,473,8750,0.05405714285714286
molka,454,8750,0.051885714285714285
metoo,286,8750,0.03268571428571428
abuse,176,8750,0.020114285714285713
demonize,166,8750,0.018971428571428573
trivialize,47,8750,0.005371428571428571
porn,11,8750,0.001257142857142857
