tag,count,total,ratio
gender,6076,8450,0.7190532544378698
bearing,813,8450,0.0962130177514793
molka,447,8450,0.05289940828402367
profession,442,8450,0.052307692307692305
metoo,285,8450,0.03372781065088758
demonize,166,8450,0.019644970414201185
abuse,162,8450,0.019171597633136094
trivialize,48,8450,0.005680473372781065
porn,11,8450,0.0013017751479289942
