tag,count,total,ratio
gender,6113,8483,0.7206177060002358
bearing,813,8483,0.09583873629612165
molka,443,8483,0.05222209124130614
profession,438,8483,0.05163267711894377
metoo,285,8483,0.03359660497465519
demonize,167,8483,0.01968643168690322
abuse,164,8483,0.019332783213485794
trivialize,49,8483,0.005776258399151244
porn,11,8483,0.001296711069197218
