tag,count,total,ratio
gender,6110,8521,0.7170519892031452
bearing,816,8521,0.09576340805069827
molka,455,8521,0.053397488557681026
profession,454,8521,0.05328013143997183
metoo,286,8521,0.03356413566482807
abuse,173,8521,0.02030278136368971
demonize,168,8521,0.01971599577514376
trivialize,48,8521,0.005633141650041075
porn,11,8521,0.0012909282948010796
