tag,count,total,ratio
gender,6077,8452,0.7190014197823
bearing,814,8452,0.09630856601987695
molka,447,8452,0.052886890676762895
profession,442,8452,0.05229531471840984
metoo,285,8452,0.03371982962612399
demonize,166,8452,0.019640321817321345
abuse,162,8452,0.019167061050638902
trivialize,48,8452,0.005679129200189304
porn,11,8452,0.0013014671083767155
