tag,count,total,ratio
gender,6127,8504,0.7204844778927564
bearing,818,8504,0.09619002822201317
molka,443,8504,0.0520931326434619
profession,438,8504,0.051505174035747885
metoo,285,8504,0.033513640639698965
demonize,167,8504,0.019637817497648164
abuse,166,8504,0.019520225776105363
trivialize,49,8504,0.005761994355597366
porn,11,8504,0.0012935089369708374
