tag,count,total,ratio
gender,6202,8671,0.7152577557375158
bearing,820,8671,0.09456810056510206
molka,449,8671,0.05178180140698881
profession,431,8671,0.04970591627263291
metoo,286,8671,0.03298350824587706
demonize,169,8671,0.019490254872563718
trivialize,153,8671,0.01764502364202514
abuse,150,8671,0.01729904278629916
porn,11,8671,0.0012685964709952715
