tag,count,total,ratio
gender,6087,8475,0.7182300884955752
bearing,813,8475,0.09592920353982301
molka,451,8475,0.053215339233038346
profession,448,8475,0.052861356932153394
metoo,286,8475,0.03374631268436578
demonize,168,8475,0.01982300884955752
abuse,163,8475,0.019233038348082595
trivialize,48,8475,0.005663716814159292
porn,11,8475,0.0012979351032448377
