tag,count,total,ratio
gender,6103,8472,0.7203729933899906
bearing,812,8472,0.09584513692162418
molka,443,8472,0.05228989612842304
profession,438,8472,0.051699716713881017
metoo,285,8472,0.03364022662889518
demonize,167,8472,0.019711992445703493
abuse,164,8472,0.01935788479697828
trivialize,49,8472,0.005783758262511804
porn,11,8472,0.0012983947119924457
