tag,count,total,ratio
gender,6145,8500,0.7229411764705882
bearing,816,8500,0.096
molka,446,8500,0.052470588235294116
profession,431,8500,0.05070588235294118
metoo,284,8500,0.033411764705882356
demonize,167,8500,0.019647058823529413
abuse,152,8500,0.01788235294117647
trivialize,48,8500,0.005647058823529412
porn,11,8500,0.0012941176470588236
