tag,count,total,ratio
gender,6215,8688,0.7153545119705341
bearing,821,8688,0.09449815837937385
molka,449,8688,0.0516804788213628
profession,431,8688,0.04960865561694291
metoo,287,8688,0.03303406998158379
demonize,170,8688,0.01956721915285451
trivialize,154,8688,0.0177255985267035
abuse,150,8688,0.017265193370165747
porn,11,8688,0.0012661141804788214
