tag,count,total,ratio
gender,6118,8470,0.7223140495867768
bearing,812,8470,0.09586776859504133
molka,446,8470,0.05265643447461629
profession,432,8470,0.05100354191263282
metoo,284,8470,0.03353010625737898
demonize,167,8470,0.01971664698937426
abuse,152,8470,0.0179456906729634
trivialize,48,8470,0.005667060212514758
porn,11,8470,0.0012987012987012987
