tag,count,total,ratio
gender,6140,8558,0.7174573498480954
bearing,820,8558,0.09581677962140688
profession,459,8558,0.053634026641738726
molka,454,8558,0.05304977798551063
metoo,286,8558,0.033419023136246784
abuse,175,8558,0.020448702967983172
demonize,166,8558,0.01939705538677261
trivialize,47,8558,0.005491937368544053
porn,11,8558,0.0012853470437017994
