tag,count,total,ratio
gender,6129,8512,0.7200422932330827
bearing,819,8512,0.0962171052631579
molka,448,8512,0.05263157894736842
profession,438,8512,0.051456766917293235
metoo,285,8512,0.033482142857142856
demonize,167,8512,0.01961936090225564
abuse,166,8512,0.01950187969924812
trivialize,49,8512,0.005756578947368421
porn,11,8512,0.0012922932330827067
