tag,count,total,ratio
gender,6156,8513,0.7231293316104781
bearing,818,8513,0.09608833548690239
molka,446,8513,0.05239046164689299
profession,431,8513,0.050628450604957125
metoo,284,8513,0.03336074239398567
demonize,167,8513,0.019617056266885938
abuse,152,8513,0.017855045224950076
trivialize,48,8513,0.005638435334194761
porn,11,8513,0.001292141430752966
