tag,count,total,ratio
gender,6072,8440,0.7194312796208531
bearing,813,8440,0.09632701421800947
molka,446,8440,0.052843601895734595
profession,441,8440,0.05225118483412322
metoo,285,8440,0.03376777251184834
demonize,166,8440,0.01966824644549763
abuse,158,8440,0.01872037914691943
trivialize,48,8440,0.005687203791469194
porn,11,8440,0.0013033175355450237
