tag,count,total,ratio
gender,6089,8454,0.7202507688668086
bearing,810,8454,0.09581263307310149
molka,442,8454,0.05228294298556896
profession,437,8454,0.051691506978944875
metoo,285,8454,0.033711852377572744
demonize,167,8454,0.019753962621244382
abuse,164,8454,0.01939910101726993
trivialize,49,8454,0.005796072864916016
porn,11,8454,0.0013011592145729832
