tag,count,total,ratio
gender,6327,8743,0.7236646460025163
bearing,818,8743,0.093560562735903
profession,463,8743,0.05295665103511381
molka,451,8743,0.051584124442411075
metoo,286,8743,0.03271188379274848
abuse,174,8743,0.019901635594189636
demonize,166,8743,0.01898661786572115
trivialize,47,8743,0.005375729154752373
porn,11,8743,0.0012581493766441725
