tag,count,total,ratio
gender,6090,8478,0.7183297947629158
bearing,813,8478,0.09589525831564048
molka,451,8478,0.05319650861052135
profession,448,8478,0.05284265156876622
metoo,286,8478,0.033734371313989146
demonize,168,8478,0.019815994338287332
abuse,163,8478,0.01922623260202878
trivialize,48,8478,0.005661712668082095
porn,11,8478,0.0012974758197688134
