tag,count,total,ratio
gender,6347,8763,0.7242953326486363
bearing,820,8763,0.09357525961428735
profession,459,8763,0.05237932214994865
molka,452,8763,0.051580508958119366
metoo,286,8763,0.032637224694739245
abuse,175,8763,0.019970329795732055
demonize,166,8763,0.01894328426338012
trivialize,47,8763,0.005363460002282323
porn,11,8763,0.0012552778728745864
