tag,count,total,ratio
gender,6312,8742,0.7220315717227179
bearing,817,8742,0.09345687485701212
profession,472,8742,0.053992221459620224
molka,454,8742,0.05193319606497369
metoo,286,8742,0.03271562571493937
abuse,177,8742,0.020247083047357586
demonize,166,8742,0.018988789750629148
trivialize,47,8742,0.005376344086021506
porn,11,8742,0.0012582932967284373
