tag,count,total,ratio
gender,6091,8469,0.7192112409965757
bearing,814,8469,0.09611524383044043
molka,447,8469,0.052780729720155864
profession,442,8469,0.052190341244538904
metoo,285,8469,0.03365214311016649
demonize,166,8469,0.019600897390482937
abuse,164,8469,0.019364742000236156
trivialize,49,8469,0.005785807061046169
porn,11,8469,0.001298854646357303
