tag,count,total,ratio
gender,6315,8729,0.7234505670752663
bearing,817,8729,0.09359605911330049
profession,462,8729,0.05292702485966319
molka,451,8729,0.051666857601099785
metoo,286,8729,0.03276434872264864
abuse,174,8729,0.019933554817275746
demonize,166,8729,0.019017069538320542
trivialize,47,8729,0.0053843510138618395
porn,11,8729,0.0012601672585634094
