tag,count,total,ratio
gender,6155,8575,0.7177842565597667
bearing,823,8575,0.09597667638483966
profession,457,8575,0.053294460641399415
molka,454,8575,0.05294460641399417
metoo,286,8575,0.033352769679300294
abuse,175,8575,0.02040816326530612
demonize,167,8575,0.019475218658892127
trivialize,47,8575,0.005481049562682216
porn,11,8575,0.0012827988338192419
