tag,count,total,ratio
gender,6089,8477,0.718296567181786
bearing,813,8477,0.09590657072077385
molka,451,8477,0.05320278400377492
profession,448,8477,0.05284888521882741
metoo,286,8477,0.03373835083166214
demonize,168,8477,0.01981833195706028
abuse,163,8477,0.01922850064881444
trivialize,48,8477,0.00566238055916008
porn,11,8477,0.0012976288781408518
