tag,count,total,ratio
gender,6077,8465,0.7178972238629652
bearing,813,8465,0.09604252805670407
molka,451,8465,0.053278204370939164
profession,448,8465,0.052923803898405196
metoo,286,8465,0.03378617838157118
demonize,168,8465,0.019846426461901948
abuse,163,8465,0.019255759007678678
trivialize,48,8465,0.005670407560543414
porn,11,8465,0.001299468399291199
