tag,count,total,ratio
gender,6253,8761,0.7137313092112773
bearing,822,8761,0.0938249058326675
molka,451,8761,0.05147814176463874
profession,434,8761,0.04953772400410912
metoo,288,8761,0.03287295970779591
trivialize,183,8761,0.02088802648099532
demonize,170,8761,0.0194041776052962
abuse,149,8761,0.01700719095993608
porn,11,8761,0.0012555644332838717
