tag,count,total,ratio
gender,6164,8588,0.7177456916627852
bearing,825,8588,0.09606427573358174
profession,457,8588,0.0532137866790871
molka,455,8588,0.052980903586399626
metoo,286,8588,0.033302282254308334
abuse,175,8588,0.0203772706101537
demonize,168,8588,0.019562179785747556
trivialize,47,8588,0.0054727526781555656
porn,11,8588,0.0012808570097810898
