tag,count,total,ratio
gender,6087,8449,0.720440288791573
bearing,809,8449,0.0957509764469168
molka,442,8449,0.052313883299798795
profession,437,8449,0.05172209728962007
metoo,285,8449,0.03373180258018701
demonize,167,8449,0.019765652739969226
abuse,162,8449,0.019173866729790507
trivialize,49,8449,0.00579950289975145
porn,11,8449,0.0013019292223931827
