tag,count,total,ratio
gender,6133,8516,0.7201737905119775
bearing,819,8516,0.09617191169563175
molka,448,8516,0.05260685767966181
profession,438,8516,0.051432597463597934
metoo,285,8516,0.033466416157820575
demonize,167,8516,0.019610145608266794
abuse,166,8516,0.019492719586660403
trivialize,49,8516,0.0057538750587130105
porn,11,8516,0.0012916862376702678
