tag,count,total,ratio
gender,6165,8589,0.7177785539643731
bearing,825,8589,0.09605309116311561
profession,457,8589,0.05320759110490162
molka,455,8589,0.05297473512632437
metoo,286,8589,0.03329840493654675
abuse,175,8589,0.020374898125509373
demonize,168,8589,0.019559902200488997
trivialize,47,8589,0.005472115496565374
porn,11,8589,0.0012807078821748749
