tag,count,total,ratio
gender,6126,8480,0.7224056603773585
bearing,815,8480,0.09610849056603774
molka,446,8480,0.05259433962264151
profession,431,8480,0.05082547169811321
metoo,284,8480,0.03349056603773585
demonize,167,8480,0.019693396226415093
abuse,152,8480,0.017924528301886792
trivialize,48,8480,0.005660377358490566
porn,11,8480,0.0012971698113207546
