tag,count,total,ratio
gender,6187,8633,0.7166685972431368
bearing,819,8633,0.09486852774238387
molka,447,8633,0.0517780609289934
profession,430,8633,0.04980887292945674
metoo,285,8633,0.03301285763929109
demonize,169,8633,0.019576045407158578
abuse,150,8633,0.01737518823120584
trivialize,135,8633,0.015637669408085253
porn,11,8633,0.0012741804702884282
