tag,count,total,ratio
gender,6096,8478,0.719037508846426
bearing,814,8478,0.09601321066289219
molka,447,8478,0.05272469922151451
profession,442,8478,0.05213493748525596
metoo,285,8478,0.033616418966737435
abuse,168,8478,0.019815994338287332
demonize,166,8478,0.01958008964378391
trivialize,49,8478,0.005779665015333805
porn,11,8478,0.0012974758197688134
