tag,count,total,ratio
gender,6124,8498,0.7206401506236761
bearing,816,8498,0.09602259355142387
molka,443,8498,0.05212991292068722
profession,438,8498,0.05154153918569075
metoo,285,8498,0.033537302894798775
demonize,167,8498,0.01965168274888209
abuse,165,8498,0.0194163332548835
trivialize,49,8498,0.005766062602965404
porn,11,8498,0.0012944222169922334
