tag,count,total,ratio
gender,6311,8722,0.7235725750974548
bearing,815,8722,0.09344187113047467
profession,461,8722,0.05285484980509057
molka,451,8722,0.05170832377894978
metoo,286,8722,0.03279064434762669
abuse,174,8722,0.019949552854849804
demonize,166,8722,0.01903233203393717
trivialize,47,8722,0.005388672322861729
porn,11,8722,0.0012611786287548728
