tag,count,total,ratio
gender,6183,8622,0.7171189979123174
bearing,819,8622,0.09498956158663883
molka,447,8622,0.05184411969380654
profession,430,8622,0.04987241939225238
metoo,284,8622,0.0329389932730225
demonize,169,8622,0.01960102064486198
abuse,150,8622,0.017397355601948505
trivialize,129,8622,0.014961725817675714
porn,11,8622,0.0012758060774762236
