tag,count,total,ratio
gender,6073,8441,0.7194645184219879
bearing,813,8441,0.09631560241677527
molka,446,8441,0.052837341547210044
profession,441,8441,0.052244994668878095
metoo,285,8441,0.03376377206492122
demonize,166,8441,0.01966591636062078
abuse,158,8441,0.01871816135528966
trivialize,48,8441,0.005686530031986731
porn,11,8441,0.0013031631323302925
