tag,count,total,ratio
gender,6140,8556,0.7176250584385226
bearing,820,8556,0.09583917718560075
profession,457,8556,0.053412809724170174
molka,454,8556,0.05306217858812529
metoo,286,8556,0.03342683496961197
abuse,175,8556,0.020453482935951377
demonize,166,8556,0.019401589527816735
trivialize,47,8556,0.005493221131369799
porn,11,8556,0.0012856474988312296
