tag,count,total,ratio
gender,6237,8727,0.7146785837057408
bearing,821,8727,0.09407585653718345
molka,450,8727,0.051564111378480576
profession,431,8727,0.04938696000916695
metoo,287,8727,0.032886444368053165
demonize,170,8727,0.01947977540964822
trivialize,170,8727,0.01947977540964822
abuse,150,8727,0.017188037126160193
porn,11,8727,0.001260456055918414
