tag,count,total,ratio
gender,6312,8725,0.7234383954154728
bearing,817,8725,0.09363896848137536
profession,461,8725,0.05283667621776504
molka,451,8725,0.05169054441260745
metoo,286,8725,0.03277936962750716
abuse,174,8725,0.01994269340974212
demonize,166,8725,0.019025787965616044
trivialize,47,8725,0.005386819484240688
porn,11,8725,0.0012607449856733525
