tag,count,total,ratio
gender,6306,8733,0.7220886293369976
bearing,816,8733,0.0934386808656819
profession,472,8733,0.0540478644223062
molka,454,8733,0.051986717050269096
metoo,285,8733,0.032634833390587425
abuse,176,8733,0.02015344097102943
demonize,166,8733,0.019008359097675485
trivialize,47,8733,0.0053818848047635405
porn,11,8733,0.0012595900606893393
