tag,count,total,ratio
gender,6307,8716,0.7236117485084901
bearing,813,8716,0.09327673244607618
profession,461,8716,0.05289123451124369
molka,451,8716,0.05174391922900413
metoo,286,8716,0.0328132170720514
abuse,174,8716,0.019963285910968333
demonize,166,8716,0.019045433685176687
trivialize,47,8716,0.005392381826525929
porn,11,8716,0.0012620468104635153
