tag,count,total,ratio
gender,6074,8445,0.7192421551213736
bearing,813,8445,0.09626998223801066
molka,446,8445,0.05281231497927768
profession,442,8445,0.05233866193013618
metoo,285,8445,0.03374777975133215
demonize,166,8445,0.01965660153937241
abuse,160,8445,0.018946121965660152
trivialize,48,8445,0.005683836589698046
porn,11,8445,0.0013025458851391356
