tag,count,total,ratio
gender,6124,8478,0.722340174569474
bearing,815,8478,0.0961311630101439
molka,446,8478,0.0526067468742628
profession,431,8478,0.050837461665487145
metoo,284,8478,0.03349846661948573
demonize,167,8478,0.01969804199103562
abuse,152,8478,0.017928756782259966
trivialize,48,8478,0.005661712668082095
porn,11,8478,0.0012974758197688134
