tag,count,total,ratio
gender,6113,8524,0.7171515720319099
bearing,816,8524,0.0957297043641483
molka,455,8524,0.05337869544814641
profession,454,8524,0.05326137963397466
metoo,286,8524,0.0335523228531206
abuse,173,8524,0.02029563585171281
demonize,168,8524,0.019709056780854058
trivialize,48,8524,0.005631159080244017
porn,11,8524,0.001290473955889254
