tag,count,total,ratio
gender,6073,8442,0.7193792940061596
bearing,813,8442,0.09630419331911869
molka,446,8442,0.05283108268182895
profession,442,8442,0.05235726131248519
metoo,285,8442,0.03375977256574272
demonize,166,8442,0.019663586827765932
abuse,158,8442,0.018715944089078417
trivialize,48,8442,0.005685856432125089
porn,11,8442,0.001303008765695333
