tag,count,total,ratio
gender,6151,8570,0.7177362893815636
bearing,823,8570,0.09603267211201867
profession,457,8570,0.05332555425904317
molka,454,8570,0.052975495915986
metoo,286,8570,0.03337222870478413
abuse,175,8570,0.020420070011668612
demonize,166,8570,0.019369894982497082
trivialize,47,8570,0.005484247374562427
porn,11,8570,0.0012835472578763127
