tag,count,total,ratio
gender,6163,8518,0.7235266494482273
bearing,818,8518,0.0960319323784926
molka,446,8518,0.052359708851843156
profession,430,8518,0.05048133364639587
metoo,284,8518,0.033341159896689364
demonize,168,8518,0.019722939657196525
abuse,150,8518,0.017609767551068325
trivialize,48,8518,0.005635125616341864
porn,11,8518,0.0012913829537450105
