tag,count,total,ratio
gender,6228,8708,0.7152044097381718
bearing,821,8708,0.094281120808452
molka,450,8708,0.051676619200734956
profession,431,8708,0.049494717501148366
metoo,287,8708,0.03295819935691318
demonize,170,8708,0.019522278364722093
trivialize,160,8708,0.018373909049150206
abuse,150,8708,0.017225539733578318
porn,11,8708,0.0012632062471290768
