tag,count,total,ratio
gender,6161,8516,0.7234617191169563
bearing,818,8516,0.09605448567402536
molka,446,8516,0.05237200563644904
profession,430,8516,0.05049318929074683
metoo,284,8516,0.03334899013621419
demonize,168,8516,0.01972757162987318
abuse,150,8516,0.017613903240958198
trivialize,48,8516,0.0056364490371066224
porn,11,8516,0.0012916862376702678
