tag,count,total,ratio
gender,6147,8503,0.722921321886393
bearing,817,8503,0.09608373515229919
molka,446,8503,0.052452075737974835
profession,431,8503,0.050687992473244736
metoo,284,8503,0.0333999764788898
demonize,167,8503,0.01964012701399506
abuse,152,8503,0.017876043749264964
trivialize,48,8503,0.005645066447136305
porn,11,8503,0.00129366106080207
