tag,count,total,ratio
gender,6139,8557,0.7174243309571111
bearing,820,8557,0.09582797709477621
profession,459,8557,0.053640294495734486
molka,454,8557,0.05305597756222975
metoo,286,8557,0.033422928596470725
abuse,175,8557,0.020451092672665653
demonize,166,8557,0.019399322192357134
trivialize,47,8557,0.0054925791749444895
porn,11,8557,0.0012854972537104125
