tag,count,total,ratio
gender,6334,8751,0.7238029939435493
bearing,819,8751,0.09358930407953377
profession,463,8751,0.05290823905839333
molka,451,8751,0.051536967203748146
metoo,286,8751,0.03268197920237687
abuse,174,8751,0.01988344189235516
demonize,166,8751,0.018969260655925038
trivialize,47,8751,0.005370814764026968
porn,11,8751,0.0012569992000914182
