tag,count,total,ratio
gender,6245,8750,0.7137142857142857
bearing,822,8750,0.09394285714285715
molka,451,8750,0.05154285714285714
profession,432,8750,0.04937142857142857
metoo,288,8750,0.032914285714285715
trivialize,182,8750,0.0208
demonize,170,8750,0.019428571428571427
abuse,149,8750,0.017028571428571428
porn,11,8750,0.001257142857142857
