tag,count,total,ratio
gender,6149,8505,0.7229864785420341
bearing,817,8505,0.09606114050558495
molka,446,8505,0.05243974132863022
profession,431,8505,0.05067607289829512
metoo,284,8505,0.03339212228101117
demonize,167,8505,0.019635508524397414
abuse,152,8505,0.017871840094062317
trivialize,48,8505,0.005643738977072311
porn,11,8505,0.0012933568489124044
