tag,count,total,ratio
gender,6076,8464,0.7178638941398866
bearing,813,8464,0.0960538752362949
molka,451,8464,0.05328449905482042
profession,448,8464,0.052930056710775046
metoo,286,8464,0.033790170132325145
demonize,168,8464,0.01984877126654064
abuse,163,8464,0.01925803402646503
trivialize,48,8464,0.005671077504725898
porn,11,8464,0.0012996219281663517
