tag,count,total,ratio
gender,6240,8737,0.7142039601693946
bearing,821,8737,0.09396818129792835
molka,451,8737,0.05161954904429438
profession,431,8737,0.04933043378734119
metoo,287,8737,0.032848803937278244
trivialize,177,8737,0.02025867002403571
demonize,170,8737,0.019457479684102094
abuse,149,8737,0.01705390866430125
porn,11,8737,0.0012590133913242532
