tag,count,total,ratio
gender,6319,8748,0.7223365340649291
bearing,817,8748,0.09339277549154093
profession,472,8748,0.053955189757658895
molka,454,8748,0.05189757658893461
metoo,286,8748,0.03269318701417467
abuse,176,8748,0.020118884316415182
demonize,166,8748,0.018975765889346137
trivialize,47,8748,0.0053726566072245085
porn,11,8748,0.001257430269775949
