tag,count,total,ratio
gender,6102,8512,0.7168703007518797
bearing,816,8512,0.09586466165413533
molka,454,8512,0.053336466165413536
profession,454,8512,0.053336466165413536
metoo,286,8512,0.03359962406015038
abuse,173,8512,0.02032424812030075
demonize,168,8512,0.019736842105263157
trivialize,48,8512,0.005639097744360902
porn,11,8512,0.0012922932330827067
