tag,count,total,ratio
gender,6150,8569,0.7177033492822966
bearing,823,8569,0.09604387909907808
profession,457,8569,0.05333177733691213
molka,454,8569,0.052981678142140276
metoo,286,8569,0.03337612323491656
abuse,175,8569,0.020422453028358035
demonize,166,8569,0.01937215544404248
trivialize,47,8569,0.005484887384759015
porn,11,8569,0.0012836970474967907
