tag,count,total,ratio
gender,6076,8447,0.7193086302829407
bearing,813,8447,0.09624718835089381
molka,446,8447,0.05279981058363916
profession,442,8447,0.05232626968154375
metoo,285,8447,0.03373978927429857
demonize,166,8447,0.019651947436959867
abuse,160,8447,0.01894163608381674
trivialize,48,8447,0.005682490825145022
porn,11,8447,0.001302237480762401
