tag,count,total,ratio
gender,6140,8495,0.7227781047675103
bearing,816,8495,0.09605650382577988
molka,446,8495,0.05250147145379635
profession,431,8495,0.0507357268981754
metoo,284,8495,0.033431430253090054
demonize,167,8495,0.019658622719246614
abuse,152,8495,0.017892878163625663
trivialize,48,8495,0.005650382577987051
porn,11,8495,0.0012948793407886992
