tag,count,total,ratio
gender,6106,8517,0.7169191029705295
bearing,816,8517,0.09580838323353294
molka,455,8517,0.053422566631443
profession,454,8517,0.053305154397088175
metoo,286,8517,0.033579899025478456
abuse,173,8517,0.02031231654338382
demonize,168,8517,0.019725255371609723
trivialize,48,8517,0.005635787249031349
porn,11,8517,0.0012915345779030175
