tag,count,total,ratio
gender,6265,8775,0.7139601139601139
bearing,822,8775,0.09367521367521367
molka,452,8775,0.05150997150997151
profession,435,8775,0.04957264957264957
metoo,288,8775,0.03282051282051282
trivialize,183,8775,0.020854700854700856
demonize,170,8775,0.019373219373219373
abuse,149,8775,0.01698005698005698
porn,11,8775,0.0012535612535612536
