tag,count,total,ratio
gender,6142,8560,0.7175233644859813
bearing,820,8560,0.09579439252336448
profession,459,8560,0.0536214953271028
molka,454,8560,0.05303738317757009
metoo,286,8560,0.033411214953271026
abuse,175,8560,0.02044392523364486
demonize,166,8560,0.01939252336448598
trivialize,47,8560,0.0054906542056074766
porn,11,8560,0.0012850467289719626
