tag,count,total,ratio
gender,6342,8758,0.7241379310344828
bearing,820,8758,0.09362868234756794
profession,459,8758,0.05240922585065083
molka,452,8758,0.05160995661109843
metoo,286,8758,0.032655857501712716
abuse,175,8758,0.01998173098881023
demonize,166,8758,0.018954099109385704
trivialize,47,8758,0.005366522036994748
porn,11,8758,0.001255994519296643
