tag,count,total,ratio
gender,6277,8791,0.7140257081105676
bearing,822,8791,0.0935047207371175
molka,452,8791,0.05141622113525196
profession,436,8791,0.049596177909225346
metoo,288,8791,0.03276077806847913
trivialize,185,8791,0.021044249800932772
demonize,171,8791,0.01945171197815948
abuse,149,8791,0.01694915254237288
porn,11,8791,0.0012512797178933
