tag,count,total,ratio
gender,6088,8476,0.7182633317602642
bearing,813,8476,0.09591788579518641
molka,451,8476,0.05320906087777254
profession,448,8476,0.052855120339782916
metoo,286,8476,0.03374233128834356
demonize,168,8476,0.019820670127418595
abuse,163,8476,0.019230769230769232
trivialize,48,8476,0.005663048607833884
porn,11,8476,0.0012977819726285983
