tag,count,total,ratio
gender,6162,8517,0.7234941880943995
bearing,818,8517,0.09604320770224258
molka,446,8517,0.05236585652224962
profession,430,8517,0.050487260772572505
metoo,284,8517,0.033345074556768814
demonize,168,8517,0.019725255371609723
abuse,150,8517,0.017611835153222965
trivialize,48,8517,0.005635787249031349
porn,11,8517,0.0012915345779030175
