tag,count,total,ratio
gender,6074,8462,0.7177972110612149
bearing,813,8462,0.09607657764121957
molka,451,8462,0.05329709288584259
profession,448,8462,0.05294256676908532
metoo,286,8462,0.03379815646419286
demonize,168,8462,0.019853462538406995
abuse,163,8462,0.019262585677144884
trivialize,48,8462,0.0056724178681162845
porn,11,8462,0.0012999290947766486
