tag,count,total,ratio
gender,6158,8579,0.7177992773050472
bearing,823,8579,0.0959319267979951
profession,457,8579,0.05326961184287213
molka,454,8579,0.0529199207366826
metoo,286,8579,0.03333721879006877
abuse,175,8579,0.020398647861056066
demonize,168,8579,0.019582701946613823
trivialize,47,8579,0.005478493996969344
porn,11,8579,0.0012822007226949528
