tag,count,total,ratio
gender,6141,8559,0.7174903610234841
bearing,820,8559,0.0958055847645753
profession,459,8559,0.05362776025236593
molka,454,8559,0.053043579857459985
metoo,286,8559,0.03341511858862017
abuse,175,8559,0.020446313821708143
demonize,166,8559,0.019394789110877438
trivialize,47,8559,0.005491295712115901
porn,11,8559,0.0012851968687930832
