tag,count,total,ratio
gender,6121,8474,0.7223271182440406
bearing,813,8474,0.09594052395562898
molka,446,8474,0.05263157894736842
profession,432,8474,0.050979466603729054
metoo,284,8474,0.03351427897097003
demonize,167,8474,0.019707340099126742
abuse,152,8474,0.017937219730941704
trivialize,48,8474,0.005664385178192117
porn,11,8474,0.00129808827000236
