tag,count,total,ratio
gender,6120,8492,0.7206782854451248
bearing,814,8492,0.09585492227979274
molka,443,8492,0.05216674517192652
profession,438,8492,0.05157795572303344
metoo,285,8492,0.033560998586905325
demonize,167,8492,0.019665567593028732
abuse,165,8492,0.019430051813471502
trivialize,49,8492,0.005770136599152143
porn,11,8492,0.0012953367875647669
