tag,count,total,ratio
gender,6282,8800,0.7138636363636364
bearing,822,8800,0.09340909090909091
molka,452,8800,0.05136363636363636
profession,436,8800,0.049545454545454545
metoo,288,8800,0.03272727272727273
trivialize,189,8800,0.021477272727272727
demonize,171,8800,0.019431818181818182
abuse,149,8800,0.016931818181818183
porn,11,8800,0.00125
