tag,count,total,ratio
gender,6248,8754,0.7137308658898789
bearing,822,8754,0.09389993145990404
molka,451,8754,0.05151930546036098
profession,433,8754,0.049463102581676945
metoo,288,8754,0.03289924605894448
trivialize,182,8754,0.02079049577336075
demonize,170,8754,0.019419693854238064
abuse,149,8754,0.01702079049577336
porn,11,8754,0.001256568425862463
