tag,count,total,ratio
gender,6073,8443,0.7192940897785147
bearing,813,8443,0.09629278692407912
molka,446,8443,0.052824825299064314
profession,442,8443,0.05235106004974535
metoo,285,8443,0.03375577401397607
demonize,166,8443,0.019661257846736942
abuse,159,8443,0.018832168660428757
trivialize,48,8443,0.005685182991827549
porn,11,8443,0.0013028544356271468
