tag,count,total,ratio
gender,6310,8719,0.7237068471154949
bearing,813,8719,0.09324463814657644
profession,461,8719,0.052873035898612225
molka,451,8719,0.05172611538020415
metoo,286,8719,0.03280192682647093
abuse,174,8719,0.019956417020300495
demonize,166,8719,0.019038880605574033
trivialize,47,8719,0.005390526436517949
porn,11,8719,0.0012616125702488818
