tag,count,total,ratio
gender,6157,8512,0.7233317669172933
bearing,818,8512,0.09609962406015038
molka,446,8512,0.052396616541353386
profession,430,8512,0.050516917293233085
metoo,284,8512,0.03336466165413534
demonize,168,8512,0.019736842105263157
abuse,150,8512,0.01762218045112782
trivialize,48,8512,0.005639097744360902
porn,11,8512,0.0012922932330827067
