tag,count,total,ratio
gender,6240,8736,0.7142857142857143
bearing,821,8736,0.09397893772893773
molka,451,8736,0.05162545787545787
profession,431,8736,0.049336080586080584
metoo,287,8736,0.032852564102564104
trivialize,176,8736,0.020146520146520148
demonize,170,8736,0.01945970695970696
abuse,149,8736,0.017055860805860804
porn,11,8736,0.0012591575091575092
