tag,count,total,ratio
gender,6143,8561,0.71755636023829
bearing,820,8561,0.09578320289685785
profession,459,8561,0.05361523186543628
molka,454,8561,0.05303118794533349
metoo,286,8561,0.033407312229879686
abuse,175,8561,0.02044153720359771
demonize,166,8561,0.019390258147412687
trivialize,47,8561,0.005490012848966243
porn,11,8561,0.001284896624226142
