tag,count,total,ratio
gender,6253,8746,0.7149554081865996
bearing,821,8746,0.09387148410702036
molka,450,8746,0.051452092385090326
profession,431,8746,0.049279670706608734
metoo,287,8746,0.03281500114337983
trivialize,173,8746,0.019780471072490282
demonize,170,8746,0.019437457123256344
abuse,150,8746,0.017150697461696774
porn,11,8746,0.0012577178138577635
