tag,count,total,ratio
gender,6311,8724,0.723406694176983
bearing,817,8724,0.09364970197157267
profession,461,8724,0.052842732691425955
molka,451,8724,0.05169646950939936
metoo,286,8724,0.03278312700596057
abuse,174,8724,0.019944979367262722
demonize,166,8724,0.01902796882164145
trivialize,47,8724,0.005387436955524989
porn,11,8724,0.0012608895002292526
