tag,count,total,ratio
gender,6091,8479,0.7183630145064277
bearing,813,8479,0.09588394857884185
molka,451,8479,0.05319023469748791
profession,448,8479,0.052836419389078904
metoo,286,8479,0.033730392734992336
demonize,168,8479,0.01981365727090459
abuse,163,8479,0.019223965090222905
trivialize,48,8479,0.005661044934544168
porn,11,8479,0.0012973227974997052
