tag,count,total,ratio
gender,6167,8592,0.7177607076350093
bearing,825,8592,0.0960195530726257
profession,457,8592,0.05318901303538175
molka,455,8592,0.0529562383612663
metoo,286,8592,0.03328677839851024
abuse,175,8592,0.02036778398510242
demonize,168,8592,0.019553072625698324
trivialize,48,8592,0.00558659217877095
porn,11,8592,0.0012802607076350093
