tag,count,total,ratio
gender,6334,8748,0.7240512117055327
bearing,819,8748,0.09362139917695474
profession,459,8748,0.05246913580246913
molka,451,8748,0.0515546410608139
metoo,286,8748,0.03269318701417467
abuse,175,8748,0.020004572473708276
demonize,166,8748,0.018975765889346137
trivialize,47,8748,0.0053726566072245085
porn,11,8748,0.001257430269775949
