tag,count,total,ratio
gender,6250,8757,0.713714742491721
bearing,822,8757,0.09386776293251113
molka,451,8757,0.05150165581820258
profession,433,8757,0.04944615735982642
metoo,288,8757,0.0328879753340185
trivialize,183,8757,0.020897567660157587
demonize,170,8757,0.01941304099577481
abuse,149,8757,0.017014959461002628
porn,11,8757,0.0012561379467854288
