tag,count,total,ratio
gender,6337,8751,0.7241458119072106
bearing,819,8751,0.09358930407953377
profession,459,8751,0.052451148440178265
molka,451,8751,0.051536967203748146
metoo,286,8751,0.03268197920237687
abuse,175,8751,0.019997714546908924
demonize,166,8751,0.018969260655925038
trivialize,47,8751,0.005370814764026968
porn,11,8751,0.0012569992000914182
