tag,count,total,ratio
gender,6162,8584,0.71784715750233
bearing,824,8584,0.09599254426840634
profession,457,8584,0.05323858341099721
molka,454,8584,0.052889095992544266
metoo,286,8584,0.03331780055917987
abuse,175,8584,0.02038676607642125
demonize,168,8584,0.0195712954333644
trivialize,47,8584,0.005475302889095993
porn,11,8584,0.0012814538676607643
