tag,count,total,ratio
gender,6130,8484,0.7225365393682225
bearing,815,8484,0.09606317774634607
molka,446,8484,0.05256954266855257
profession,431,8484,0.050801508722300805
metoo,284,8484,0.033474776049033476
demonize,167,8484,0.019684111268269685
abuse,152,8484,0.017916077322017915
trivialize,48,8484,0.005657708628005658
porn,11,8484,0.0012965582272512965
