tag,count,total,ratio
gender,6087,8452,0.7201845716990062
bearing,810,8452,0.09583530525319452
molka,442,8452,0.05229531471840984
profession,437,8452,0.051703738760056794
metoo,285,8452,0.03371982962612399
demonize,167,8452,0.019758637008991956
abuse,164,8452,0.019403691433980123
trivialize,49,8452,0.005797444391859915
porn,11,8452,0.0013014671083767155
