tag,count,total,ratio
gender,6193,8648,0.7161193339500462
bearing,819,8648,0.09470397779833488
molka,447,8648,0.05168825161887142
profession,431,8648,0.04983811285846439
metoo,286,8648,0.03307123034227567
demonize,169,8648,0.01954209065679926
abuse,150,8648,0.01734505087881591
trivialize,142,8648,0.016419981498612395
porn,11,8648,0.0012719703977798335
