tag,count,total,ratio
gender,6078,8452,0.7191197349739706
bearing,813,8452,0.09619025082820634
molka,446,8452,0.052768575485092284
profession,442,8452,0.05229531471840984
metoo,285,8452,0.03371982962612399
demonize,167,8452,0.019758637008991956
abuse,162,8452,0.019167061050638902
trivialize,48,8452,0.005679129200189304
porn,11,8452,0.0013014671083767155
