tag,count,total,ratio
gender,6322,8738,0.7235065232318608
bearing,818,8738,0.09361409933623255
profession,463,8738,0.052986953536278324
molka,451,8738,0.051613641565575644
metoo,286,8738,0.032730601968413826
abuse,174,8738,0.01991302357518883
demonize,166,8738,0.018997482261387044
trivialize,47,8738,0.005378805218585489
porn,11,8738,0.0012588693064774549
