tag,count,total,ratio
gender,6083,8471,0.7180970369495927
bearing,813,8471,0.09597450123952309
molka,451,8471,0.05324046747727541
profession,448,8471,0.05288631802620706
metoo,286,8471,0.03376224766851611
demonize,168,8471,0.019832369259827648
abuse,163,8471,0.019242120174713728
trivialize,48,8471,0.005666391217093614
porn,11,8471,0.0012985479872506197
