tag,count,total,ratio
gender,6212,8693,0.7145979523754745
bearing,821,8693,0.094443805360635
molka,449,8693,0.051650753479811344
profession,431,8693,0.049580121937190844
metoo,286,8693,0.032900034510525714
demonize,169,8693,0.019440929483492464
trivialize,164,8693,0.01886575405498677
abuse,150,8693,0.017255262855170827
porn,11,8693,0.0012653859427125273
