tag,count,total,ratio
gender,6079,8456,0.7188978240302744
bearing,814,8456,0.09626300851466414
molka,447,8456,0.05286187322611164
profession,442,8456,0.05227057710501419
metoo,285,8456,0.0337038789025544
demonize,166,8456,0.019631031220435195
abuse,163,8456,0.019276253547776727
trivialize,49,8456,0.005794701986754967
porn,11,8456,0.0013008514664143804
