tag,count,total,ratio
gender,6311,8721,0.7236555440889806
bearing,814,8721,0.09333791996330695
profession,461,8721,0.052860910446049764
molka,451,8721,0.05171425295264304
metoo,286,8721,0.03279440431143218
abuse,174,8721,0.019951840385276916
demonize,166,8721,0.01903451439055154
trivialize,47,8721,0.005389290219011581
porn,11,8721,0.0012613232427473914
