tag,count,total,ratio
gender,6141,8557,0.717658057730513
bearing,820,8557,0.09582797709477621
profession,457,8557,0.05340656772233259
molka,454,8557,0.05305597756222975
metoo,286,8557,0.033422928596470725
abuse,175,8557,0.020451092672665653
demonize,166,8557,0.019399322192357134
trivialize,47,8557,0.0054925791749444895
porn,11,8557,0.0012854972537104125
