tag,count,total,ratio
gender,6319,8749,0.7222539718825008
bearing,817,8749,0.09338210081152132
profession,473,8749,0.05406332152245971
molka,454,8749,0.05189164475940108
metoo,286,8749,0.03268945022288262
abuse,176,8749,0.02011658475254315
demonize,166,8749,0.018973596982512286
trivialize,47,8749,0.005372042519145045
porn,11,8749,0.0012572865470339468
