tag,count,total,ratio
gender,6103,8513,0.7169035592623048
bearing,816,8513,0.09585340068131093
molka,454,8513,0.05333020086925878
profession,454,8513,0.05333020086925878
metoo,286,8513,0.033595677199577116
abuse,173,8513,0.020321860683660285
demonize,168,8513,0.019734523669681665
trivialize,48,8513,0.005638435334194761
porn,11,8513,0.001292141430752966
