tag,count,total,ratio
gender,6087,8445,0.7207815275310835
bearing,809,8445,0.09579632918886916
molka,442,8445,0.05233866193013618
profession,437,8445,0.0517465956187093
metoo,285,8445,0.03374777975133215
demonize,166,8445,0.01965660153937241
abuse,159,8445,0.018827708703374777
trivialize,49,8445,0.005802249851983422
porn,11,8445,0.0013025458851391356
