tag,count,total,ratio
gender,6305,8732,0.7220568025652772
bearing,815,8732,0.09333486028401283
profession,472,8732,0.05405405405405406
molka,454,8732,0.05199267063673843
metoo,285,8732,0.032638570774163995
abuse,176,8732,0.02015574896930829
demonize,166,8732,0.0190105359596885
trivialize,48,8732,0.005497022446174988
porn,11,8732,0.0012597343105817682
