tag,count,total,ratio
gender,6104,8488,0.7191328934967012
bearing,814,8488,0.09590009425070688
molka,447,8488,0.05266258246936852
profession,443,8488,0.052191328934967016
metoo,285,8488,0.03357681432610744
abuse,169,8488,0.019910461828463715
demonize,166,8488,0.019557021677662583
trivialize,49,8488,0.005772855796418473
porn,11,8488,0.0012959472196041471
