tag,count,total,ratio
gender,6317,8746,0.7222730391035902
bearing,817,8746,0.09341413217470844
profession,472,8746,0.053967528012805854
molka,454,8746,0.05190944431740224
metoo,286,8746,0.03270066316030185
abuse,176,8746,0.020123485021724216
demonize,166,8746,0.01898010519094443
trivialize,47,8746,0.00537388520466499
porn,11,8746,0.0012577178138577635
