tag,count,total,ratio
gender,6157,8514,0.7231618510688278
bearing,818,8514,0.09607704956542165
molka,446,8514,0.05238430819826169
profession,431,8514,0.0506225041108762
metoo,284,8514,0.033356824054498475
demonize,167,8514,0.019614752172891707
abuse,152,8514,0.017852948085506224
trivialize,48,8514,0.005637773079633545
porn,11,8514,0.0012919896640826874
