tag,count,total,ratio
gender,6318,8747,0.7223047902137876
bearing,817,8747,0.09340345261232423
profession,472,8747,0.05396135817994741
molka,454,8747,0.05190350977477992
metoo,286,8747,0.032696924659883386
abuse,176,8747,0.020121184406082085
demonize,166,8747,0.018977935292100147
trivialize,47,8747,0.0053732708357151025
porn,11,8747,0.0012575740253801303
