tag,count,total,ratio
gender,6158,8513,0.7233642664160695
bearing,818,8513,0.09608833548690239
molka,446,8513,0.05239046164689299
profession,430,8513,0.0505109832021614
metoo,284,8513,0.03336074239398567
demonize,168,8513,0.019734523669681665
abuse,150,8513,0.01762011041935863
trivialize,48,8513,0.005638435334194761
porn,11,8513,0.001292141430752966
