tag,count,total,ratio
gender,6086,8444,0.7207484604452866
bearing,809,8444,0.0958076740881099
molka,442,8444,0.052344860255802934
profession,437,8444,0.051752723827569874
metoo,285,8444,0.0337517764092847
demonize,166,8444,0.019658929417337753
abuse,159,8444,0.018829938417811463
trivialize,49,8444,0.005802936996684036
porn,11,8444,0.0013027001421127427
