tag,count,total,ratio
gender,6171,8596,0.7178920428106096
bearing,825,8596,0.09597487203350395
profession,457,8596,0.05316426244765007
molka,455,8596,0.052931596091205214
metoo,286,8596,0.0332712889716147
abuse,175,8596,0.02035830618892508
demonize,168,8596,0.019543973941368076
trivialize,48,8596,0.005583992554676594
porn,11,8596,0.0012796649604467194
