tag,count,total,ratio
gender,6337,8755,0.7238149628783552
bearing,819,8755,0.09354654483152484
profession,463,8755,0.052884066247858366
molka,451,8755,0.05151342090234152
metoo,286,8755,0.032667047401484864
abuse,175,8755,0.019988577955454025
demonize,166,8755,0.01896059394631639
trivialize,47,8755,0.0053683609366076525
porn,11,8755,0.0012564249000571101
