tag,count,total,ratio
gender,6097,8480,0.7189858490566038
bearing,814,8480,0.09599056603773586
molka,447,8480,0.0527122641509434
profession,442,8480,0.052122641509433965
metoo,285,8480,0.033608490566037735
abuse,169,8480,0.019929245283018867
demonize,166,8480,0.019575471698113207
trivialize,49,8480,0.005778301886792452
porn,11,8480,0.0012971698113207546
