tag,count,total,ratio
gender,6308,8717,0.7236434553171963
bearing,813,8717,0.09326603189170586
profession,461,8717,0.052885166915223124
molka,451,8717,0.0517379832511185
metoo,286,8717,0.03280945279339222
abuse,174,8717,0.019960995755420444
demonize,166,8717,0.019043248824136744
trivialize,47,8717,0.005391763221291729
porn,11,8717,0.0012619020305150855
