tag,count,total,ratio
gender,6161,8583,0.717814284049866
bearing,824,8583,0.09600372830012815
profession,457,8583,0.053244786205289524
molka,454,8583,0.0528952580682745
metoo,286,8583,0.03332168239543283
abuse,175,8583,0.02038914132587673
demonize,168,8583,0.019573575672841664
trivialize,47,8583,0.005475940813235465
porn,11,8583,0.001281603169055109
