tag,count,total,ratio
gender,6108,8519,0.7169855616856439
bearing,816,8519,0.09578589036271863
molka,455,8519,0.05341002465078061
profession,454,8519,0.05329263998121845
metoo,286,8519,0.03357201549477638
abuse,173,8519,0.020307547834252846
demonize,168,8519,0.01972062448644207
trivialize,48,8519,0.0056344641389834485
porn,11,8519,0.001291231365183707
