tag,count,total,ratio
gender,6147,8565,0.7176882661996498
bearing,822,8565,0.09597197898423818
profession,457,8565,0.053356684179801515
molka,454,8565,0.05300642148277875
metoo,286,8565,0.03339171044950379
abuse,175,8565,0.020431990659661413
demonize,166,8565,0.01938120256859311
trivialize,47,8565,0.005487448920023351
porn,11,8565,0.0012842965557501459
