tag,count,total,ratio
gender,6243,8745,0.7138936535162951
bearing,822,8745,0.09399656946826758
molka,451,8745,0.05157232704402516
profession,432,8745,0.049399656946826756
metoo,288,8745,0.03293310463121784
trivialize,179,8745,0.020468839336763866
demonize,170,8745,0.019439679817038306
abuse,149,8745,0.01703830760434534
porn,11,8745,0.0012578616352201257
