tag,count,total,ratio
gender,6151,8508,0.7229666196520922
bearing,818,8508,0.09614480488951575
molka,446,8508,0.05242125058768218
profession,431,8508,0.050658204043253406
metoo,284,8508,0.03338034790785143
demonize,167,8508,0.019628584861307006
abuse,152,8508,0.017865538316878232
trivialize,48,8508,0.005641748942172073
porn,11,8508,0.0012929007992477667
