tag,count,total,ratio
gender,6309,8718,0.7236751548520303
bearing,813,8718,0.09325533379215416
profession,461,8718,0.052879100711172286
molka,451,8718,0.05173204863500803
metoo,286,8718,0.032805689378297774
abuse,174,8718,0.01995870612525809
demonize,166,8718,0.01904106446432668
trivialize,47,8718,0.005391144757972012
porn,11,8718,0.0012617572837806837
