tag,count,total,ratio
gender,6248,8740,0.7148741418764302
bearing,821,8740,0.09393592677345537
molka,450,8740,0.05148741418764302
profession,431,8740,0.04931350114416476
metoo,287,8740,0.032837528604118996
trivialize,172,8740,0.019679633867276888
demonize,170,8740,0.019450800915331808
abuse,150,8740,0.017162471395881007
porn,11,8740,0.0012585812356979405
