tag,count,total,ratio
gender,721,1040,0.6932692307692307
bearing,95,1040,0.09134615384615384
profession,62,1040,0.05961538461538462
molka,54,1040,0.051923076923076926
metoo,32,1040,0.03076923076923077
abuse,23,1040,0.022115384615384617
demonize,22,1040,0.021153846153846155
neutral,15,1040,0.014423076923076924
trivialize,13,1040,0.0125
porn,3,1040,0.0028846153846153848
