tag,count,total,ratio
gender,717,1035,0.6927536231884058
bearing,95,1035,0.09178743961352658
profession,62,1035,0.05990338164251208
molka,54,1035,0.05217391304347826
metoo,32,1035,0.030917874396135265
abuse,23,1035,0.022222222222222223
demonize,21,1035,0.020289855072463767
neutral,15,1035,0.014492753623188406
trivialize,13,1035,0.012560386473429951
porn,3,1035,0.002898550724637681
