tag,count,total,ratio
gender,6528,9660,0.675776397515528
bearing,1164,9660,0.12049689440993788
profession,649,9660,0.06718426501035196
molka,476,9660,0.04927536231884058
metoo,291,9660,0.03012422360248447
abuse,206,9660,0.02132505175983437
demonize,174,9660,0.018012422360248446
neutral,103,9660,0.010662525879917185
trivialize,55,9660,0.005693581780538302
porn,14,9660,0.0014492753623188406
